,ann_ret,ann_vol,sharpe,ic_mean,ic_std,t_stat
ridge_all,0.024998899437960034,0.04530789210254206,0.5517559585729974,0.023812332242708276,0.10813183238617002,1.8555708665800705
ridge_pca,0.03569656917580239,0.047281426958417624,0.7549807920813448,0.022738463438796295,0.10231771433661391,1.872576022533666
ridge_sel,0.008463171914743377,0.04358697026395735,0.1941674739834277,0.011138089861569334,0.09777796397074275,0.959840127053194
xgb_all,0.03983217266762687,0.045211015436632696,0.8810280477653779,0.020265426652662115,0.09088391350627845,1.8788750792609146
xgb_pca,0.022459970679989106,0.036373108666391325,0.6174883451944835,0.010360505710897118,0.07687691042807979,1.1355707761895377
xgb_sel,0.03526354311104579,0.04382444466236784,0.8046546483982416,0.01805287362424974,0.0876609801791128,1.7352785319459447
market,0.05881929957688808,0.1895904570236147,0.3102439885440107,,,
