,ann_ret,ann_vol,sharpe,ic_mean,ic_std,t_stat
ridge_all,0.0632151767866801,0.04832726735747995,1.3080643753157675,0.047534461293892216,0.09666062805782454,4.143698404380146
ridge_pca,0.06137928584192237,0.05056087995981412,1.2139679113715334,0.0417276025487611,0.10017554331209726,3.5098689473139784
ridge_sel,0.07247714189775574,0.056578404962633215,1.2810036257759958,0.05433949969429092,0.11577811660160096,3.954743577312907
xgb_all,0.06579931512585968,0.042230720622055296,1.55809122261332,0.03714563032195065,0.08429016615028533,3.7132996505635414
xgb_pca,0.057397721109646804,0.040024337546523514,1.434070483813225,0.03230836309979802,0.07911595599458794,3.4409633680427905
xgb_sel,0.06586795458802068,0.04140077677294134,1.5909835448080423,0.0370336218551227,0.08297562862815012,3.7607530012562687
market,0.05881929957688808,0.1895904570236147,0.3102439885440107,,,
